Filename	Size	Ext.	SHA-256	Filepath
VOL00001.LST	0	LST	e3b0c44298fc1c149afbf4c8996fb92427ae41e4649b934ca495991b7852b855	VOL00001\DATA\VOL00001.LST
EFTA00335487.docx	0	docx	e3b0c44298fc1c149afbf4c8996fb92427ae41e4649b934ca495991b7852b855	VOL00009\EMPTY\EFTA00335487.docx
EFTA00547564.xls	0	xls	e3b0c44298fc1c149afbf4c8996fb92427ae41e4649b934ca495991b7852b855	VOL00009\EMPTY\EFTA00547564.xls
EFTA00547565.doc	0	doc	e3b0c44298fc1c149afbf4c8996fb92427ae41e4649b934ca495991b7852b855	VOL00009\EMPTY\EFTA00547565.doc
EFTA00547654.xls	0	xls	e3b0c44298fc1c149afbf4c8996fb92427ae41e4649b934ca495991b7852b855	VOL00009\EMPTY\EFTA00547654.xls
EFTA00547655.doc	0	doc	e3b0c44298fc1c149afbf4c8996fb92427ae41e4649b934ca495991b7852b855	VOL00009\EMPTY\EFTA00547655.doc
EFTA00709804.pdf	0	pdf	e3b0c44298fc1c149afbf4c8996fb92427ae41e4649b934ca495991b7852b855	VOL00009\EMPTY\EFTA00709804.pdf
EFTA00709805.pdf	0	pdf	e3b0c44298fc1c149afbf4c8996fb92427ae41e4649b934ca495991b7852b855	VOL00009\EMPTY\EFTA00709805.pdf
EFTA00709806.pdf	0	pdf	e3b0c44298fc1c149afbf4c8996fb92427ae41e4649b934ca495991b7852b855	VOL00009\EMPTY\EFTA00709806.pdf
EFTA00709807.pdf	0	pdf	e3b0c44298fc1c149afbf4c8996fb92427ae41e4649b934ca495991b7852b855	VOL00009\EMPTY\EFTA00709807.pdf
EFTA00710823.ppt	0	ppt	e3b0c44298fc1c149afbf4c8996fb92427ae41e4649b934ca495991b7852b855	VOL00009\EMPTY\EFTA00710823.ppt
EFTA00770595.pdf	0	pdf	e3b0c44298fc1c149afbf4c8996fb92427ae41e4649b934ca495991b7852b855	VOL00009\EMPTY\EFTA00770595.pdf
EFTA00823319.pdf	0	pdf	e3b0c44298fc1c149afbf4c8996fb92427ae41e4649b934ca495991b7852b855	VOL00009\EMPTY\EFTA00823319.pdf
EFTA00859997.doc	0	doc	e3b0c44298fc1c149afbf4c8996fb92427ae41e4649b934ca495991b7852b855	VOL00009\EMPTY\EFTA00859997.doc
EFTA00877475.pdf	0	pdf	e3b0c44298fc1c149afbf4c8996fb92427ae41e4649b934ca495991b7852b855	VOL00009\EMPTY\EFTA00877475.pdf
EFTA00892252.pdf	0	pdf	e3b0c44298fc1c149afbf4c8996fb92427ae41e4649b934ca495991b7852b855	VOL00009\EMPTY\EFTA00892252.pdf
EFTA00919433.pdf	0	pdf	e3b0c44298fc1c149afbf4c8996fb92427ae41e4649b934ca495991b7852b855	VOL00009\EMPTY\EFTA00919433.pdf
EFTA00919434.pdf	0	pdf	e3b0c44298fc1c149afbf4c8996fb92427ae41e4649b934ca495991b7852b855	VOL00009\EMPTY\EFTA00919434.pdf
EFTA00984888.docx	0	docx	e3b0c44298fc1c149afbf4c8996fb92427ae41e4649b934ca495991b7852b855	VOL00009\EMPTY\EFTA00984888.docx
EFTA00984889.docx	0	docx	e3b0c44298fc1c149afbf4c8996fb92427ae41e4649b934ca495991b7852b855	VOL00009\EMPTY\EFTA00984889.docx
EFTA00984890.docx	0	docx	e3b0c44298fc1c149afbf4c8996fb92427ae41e4649b934ca495991b7852b855	VOL00009\EMPTY\EFTA00984890.docx
EFTA00984891.docx	0	docx	e3b0c44298fc1c149afbf4c8996fb92427ae41e4649b934ca495991b7852b855	VOL00009\EMPTY\EFTA00984891.docx
EFTA00984892.docx	0	docx	e3b0c44298fc1c149afbf4c8996fb92427ae41e4649b934ca495991b7852b855	VOL00009\EMPTY\EFTA00984892.docx
EFTA00984893.docx	0	docx	e3b0c44298fc1c149afbf4c8996fb92427ae41e4649b934ca495991b7852b855	VOL00009\EMPTY\EFTA00984893.docx
EFTA00984894.docx	0	docx	e3b0c44298fc1c149afbf4c8996fb92427ae41e4649b934ca495991b7852b855	VOL00009\EMPTY\EFTA00984894.docx
EFTA00984895.docx	0	docx	e3b0c44298fc1c149afbf4c8996fb92427ae41e4649b934ca495991b7852b855	VOL00009\EMPTY\EFTA00984895.docx
EFTA01135215.pdf	0	pdf	e3b0c44298fc1c149afbf4c8996fb92427ae41e4649b934ca495991b7852b855	VOL00009\EMPTY\EFTA01135215.pdf
EFTA01135708.pdf	0	pdf	e3b0c44298fc1c149afbf4c8996fb92427ae41e4649b934ca495991b7852b855	VOL00009\EMPTY\EFTA01135708.pdf
EFTA01189824.docx	0	docx	e3b0c44298fc1c149afbf4c8996fb92427ae41e4649b934ca495991b7852b855	VOL00009\EMPTY\EFTA01189824.docx
EFTA01189840.docx	0	docx	e3b0c44298fc1c149afbf4c8996fb92427ae41e4649b934ca495991b7852b855	VOL00009\EMPTY\EFTA01189840.docx
EFTA01206709.docx	0	docx	e3b0c44298fc1c149afbf4c8996fb92427ae41e4649b934ca495991b7852b855	VOL00009\EMPTY\EFTA01206709.docx
EFTA01019216.mov	0	mov	e3b0c44298fc1c149afbf4c8996fb92427ae41e4649b934ca495991b7852b855	VOL00009\NATIVES\EFTA01019216.mov
EFTA01019245.mov	0	mov	e3b0c44298fc1c149afbf4c8996fb92427ae41e4649b934ca495991b7852b855	VOL00009\NATIVES\EFTA01019245.mov
EFTA01178657.mp3	0	mp3	e3b0c44298fc1c149afbf4c8996fb92427ae41e4649b934ca495991b7852b855	VOL00009\NATIVES\EFTA01178657.mp3
EFTA01600794.m4v	9527	m4v	7c81435097f589afe847ba48eba32bb75d338177e5ea6c394051591210413ff2	VOL00010\NATIVES\0001\EFTA01600794.m4v
EFTA01600805.m4v	9527	m4v	7c81435097f589afe847ba48eba32bb75d338177e5ea6c394051591210413ff2	VOL00010\NATIVES\0001\EFTA01600805.m4v
EFTA01600808.m4v	9527	m4v	7c81435097f589afe847ba48eba32bb75d338177e5ea6c394051591210413ff2	VOL00010\NATIVES\0001\EFTA01600808.m4v
EFTA01600820.m4v	9527	m4v	7c81435097f589afe847ba48eba32bb75d338177e5ea6c394051591210413ff2	VOL00010\NATIVES\0001\EFTA01600820.m4v
EFTA01600799.m4v	10031	m4v	578f35f33458aad9f3523a6f9fe4b222586cae60c60e6102bf96afe074036804	VOL00010\NATIVES\0001\EFTA01600799.m4v
EFTA01600800.m4v	10031	m4v	578f35f33458aad9f3523a6f9fe4b222586cae60c60e6102bf96afe074036804	VOL00010\NATIVES\0001\EFTA01600800.m4v
EFTA01600802.m4v	10031	m4v	578f35f33458aad9f3523a6f9fe4b222586cae60c60e6102bf96afe074036804	VOL00010\NATIVES\0001\EFTA01600802.m4v
EFTA01600807.m4v	10031	m4v	578f35f33458aad9f3523a6f9fe4b222586cae60c60e6102bf96afe074036804	VOL00010\NATIVES\0001\EFTA01600807.m4v
EFTA01648648.mp4	21104	mp4	025aafcdf1a386490d79eb6de5b855071f634eeb1e83cc1d21c2fc114aa6fb7c	VOL00010\NATIVES\0001\EFTA01648648.mp4
EFTA01648649.mp4	21104	mp4	025aafcdf1a386490d79eb6de5b855071f634eeb1e83cc1d21c2fc114aa6fb7c	VOL00010\NATIVES\0001\EFTA01648649.mp4
EFTA01648645.mp4	24734	mp4	6748a5fe7732f27c98437eb45da09f9a90d57fd51f4d32af3cf5947500fcd8bc	VOL00010\NATIVES\0001\EFTA01648645.mp4
EFTA01648646.mp4	24734	mp4	6748a5fe7732f27c98437eb45da09f9a90d57fd51f4d32af3cf5947500fcd8bc	VOL00010\NATIVES\0001\EFTA01648646.mp4
EFTA01187172.m4a	294091	m4a	7e424beeaa100e5ee4bdd4830a060729245751abe25581b59580ac69734b841e	VOL00009\NATIVES\EFTA01187172.m4a
EFTA01187179.m4a	294091	m4a	7e424beeaa100e5ee4bdd4830a060729245751abe25581b59580ac69734b841e	VOL00009\NATIVES\EFTA01187179.m4a
EFTA01683449.mp4	473316	mp4	b214baddc0358136ce7808b6f02cd8001c92c0563e5e043af6a907aff26ccf82	VOL00010\NATIVES\0001\EFTA01683449.mp4
EFTA01683455.mp4	473316	mp4	b214baddc0358136ce7808b6f02cd8001c92c0563e5e043af6a907aff26ccf82	VOL00010\NATIVES\0001\EFTA01683455.mp4
EFTA01688313.mp4	473316	mp4	b214baddc0358136ce7808b6f02cd8001c92c0563e5e043af6a907aff26ccf82	VOL00010\NATIVES\0001\EFTA01688313.mp4
EFTA00155488.m4a	1015001	m4a	5934e66eca35775c7adccb7e7f26bbe534ddbfe1e144b3f70889ad1ec47eb3bd	VOL00009\NATIVES\EFTA00155488.m4a
EFTA00159164.m4a	1015001	m4a	5934e66eca35775c7adccb7e7f26bbe534ddbfe1e144b3f70889ad1ec47eb3bd	VOL00009\NATIVES\EFTA00159164.m4a
EFTA01688339.mp4	1710214	mp4	601f5d3656cbaec3e979a4506e569580124dd6353f600acf554bd53d93999732	VOL00010\NATIVES\0001\EFTA01688339.mp4
EFTA01688352.mp4	1710214	mp4	601f5d3656cbaec3e979a4506e569580124dd6353f600acf554bd53d93999732	VOL00010\NATIVES\0001\EFTA01688352.mp4
EFTA01617570.mov	1995010	mov	df60b8367f94d4ad3ad28c8c6c21339870f83bc3097efd3845732f66cbdce7af	VOL00010\NATIVES\0001\EFTA01617570.mov
EFTA01621228.mov	1995010	mov	df60b8367f94d4ad3ad28c8c6c21339870f83bc3097efd3845732f66cbdce7af	VOL00010\NATIVES\0001\EFTA01621228.mov
EFTA01683373.mp4	2464959	mp4	b61c3d515bb4c347827fc1afa065312870275eb25ce14d43e4bdfdaaf00a7078	VOL00010\NATIVES\0001\EFTA01683373.mp4
EFTA01683374.mp4	2464959	mp4	b61c3d515bb4c347827fc1afa065312870275eb25ce14d43e4bdfdaaf00a7078	VOL00010\NATIVES\0001\EFTA01683374.mp4
EFTA01683482.mov	2472654	mov	8cc2d0d4a12c0419cff2b5507f0126986b073ec64f40fd1481a057b269ae87c7	VOL00010\NATIVES\0001\EFTA01683482.mov
EFTA01688314.mov	2472654	mov	8cc2d0d4a12c0419cff2b5507f0126986b073ec64f40fd1481a057b269ae87c7	VOL00010\NATIVES\0001\EFTA01688314.mov
EFTA01620591.mov	5055085	mov	a8689e324dc1c2157f67a0b88daae13278489a141908f81ea51bed7716f45fa6	VOL00010\NATIVES\0001\EFTA01620591.mov
EFTA01621019.mov	5055085	mov	a8689e324dc1c2157f67a0b88daae13278489a141908f81ea51bed7716f45fa6	VOL00010\NATIVES\0001\EFTA01621019.mov
EFTA00029995.mp4	5434816	mp4	bda462603bd05f2f03adff085a2de1f12be17cf91f8f3fb886097d5870485b4b	VOL00008\NATIVES\0001\EFTA00029995.mp4
EFTA00099789.mp4	5434816	mp4	bda462603bd05f2f03adff085a2de1f12be17cf91f8f3fb886097d5870485b4b	VOL00009\NATIVES\EFTA00099789.mp4
EFTA00029998.mp4	5588068	mp4	5c3895a5f5bf6ff3e1b029559eef394901a9c6feb1b535949dde1e4b2f115c40	VOL00008\NATIVES\0001\EFTA00029998.mp4
EFTA00099787.mp4	5588068	mp4	5c3895a5f5bf6ff3e1b029559eef394901a9c6feb1b535949dde1e4b2f115c40	VOL00009\NATIVES\EFTA00099787.mp4
EFTA01614506.mov	6664740	mov	12853c438903bde0d829daac0e5cff0e6395bd2531b09b4b2eb6cccb2a788db0	VOL00010\NATIVES\0001\EFTA01614506.mov
EFTA01618852.mov	6664740	mov	12853c438903bde0d829daac0e5cff0e6395bd2531b09b4b2eb6cccb2a788db0	VOL00010\NATIVES\0001\EFTA01618852.mov
EFTA00064603.mp4	20784115	mp4	29c4f93cdb50b12953ef5a06b0a4406e48387be3b434e14d697f1a56ad0f221c	VOL00009\NATIVES\EFTA00064603.mp4
EFTA00108924.mp4	20784115	mp4	29c4f93cdb50b12953ef5a06b0a4406e48387be3b434e14d697f1a56ad0f221c	VOL00009\NATIVES\EFTA00108924.mp4
EFTA00064605.mp4	21093374	mp4	d90b8554a42e53c7817704e196c4caae6ba9e98b8ba411136e9e7ccb21e125da	VOL00009\NATIVES\EFTA00064605.mp4
EFTA00108926.mp4	21093374	mp4	d90b8554a42e53c7817704e196c4caae6ba9e98b8ba411136e9e7ccb21e125da	VOL00009\NATIVES\EFTA00108926.mp4
EFTA00064602.mp4	21585118	mp4	c9167bcbff02ce3564ad670c1a532786cf3b41a7fc2e613f48a3f6b36cfb6a2c	VOL00009\NATIVES\EFTA00064602.mp4
EFTA00108923.mp4	21585118	mp4	c9167bcbff02ce3564ad670c1a532786cf3b41a7fc2e613f48a3f6b36cfb6a2c	VOL00009\NATIVES\EFTA00108923.mp4
EFTA00064606.mp4	22101213	mp4	5646f30ae82d39c7353d9b776108201c00d2b422d4f723752950200c1078b180	VOL00009\NATIVES\EFTA00064606.mp4
EFTA00108927.mp4	22101213	mp4	5646f30ae82d39c7353d9b776108201c00d2b422d4f723752950200c1078b180	VOL00009\NATIVES\EFTA00108927.mp4
EFTA00064599.mp4	22118971	mp4	5de1ed25b3ca6c44619b68a1790de10f46ed9475ca51ce6b2ca22003bbca4a8e	VOL00009\NATIVES\EFTA00064599.mp4
EFTA00108920.mp4	22118971	mp4	5de1ed25b3ca6c44619b68a1790de10f46ed9475ca51ce6b2ca22003bbca4a8e	VOL00009\NATIVES\EFTA00108920.mp4
EFTA00064608.mp4	22308810	mp4	1d3eb47a27a865575210e2a42aaadf1a37e45d37ec83cf72c74360c5414502eb	VOL00009\NATIVES\EFTA00064608.mp4
EFTA00108929.mp4	22308810	mp4	1d3eb47a27a865575210e2a42aaadf1a37e45d37ec83cf72c74360c5414502eb	VOL00009\NATIVES\EFTA00108929.mp4
EFTA00064604.mp4	22427626	mp4	24515c88457b367154ea14d6539c237030662978c56b9df2882e4cfa3a0c093b	VOL00009\NATIVES\EFTA00064604.mp4
EFTA00108925.mp4	22427626	mp4	24515c88457b367154ea14d6539c237030662978c56b9df2882e4cfa3a0c093b	VOL00009\NATIVES\EFTA00108925.mp4
EFTA00064600.mp4	23029305	mp4	f55bedb0fbefc15380c78fe2566c9b7c6874008dadfa3660ba9e3efec92a39b0	VOL00009\NATIVES\EFTA00064600.mp4
EFTA00108921.mp4	23029305	mp4	f55bedb0fbefc15380c78fe2566c9b7c6874008dadfa3660ba9e3efec92a39b0	VOL00009\NATIVES\EFTA00108921.mp4
EFTA00064607.mp4	23119346	mp4	3597542141c7dc37badbb2eb416fa808878ee7271341108b1fd2364572da9357	VOL00009\NATIVES\EFTA00064607.mp4
EFTA00108928.mp4	23119346	mp4	3597542141c7dc37badbb2eb416fa808878ee7271341108b1fd2364572da9357	VOL00009\NATIVES\EFTA00108928.mp4
EFTA00064601.mp4	23204992	mp4	fd1acba972e5af33924e03964293cef2a5b98ed65ca70b3091c735947684a183	VOL00009\NATIVES\EFTA00064601.mp4
EFTA00108922.mp4	23204992	mp4	fd1acba972e5af33924e03964293cef2a5b98ed65ca70b3091c735947684a183	VOL00009\NATIVES\EFTA00108922.mp4
EFTA00064611.mp4	24180887	mp4	eba02128879abf1bad0bddf4c7a4f379d79313c51cc731012233207a66d88763	VOL00009\NATIVES\EFTA00064611.mp4
EFTA00108932.mp4	24180887	mp4	eba02128879abf1bad0bddf4c7a4f379d79313c51cc731012233207a66d88763	VOL00009\NATIVES\EFTA00108932.mp4
EFTA00064610.mp4	24523204	mp4	a57232bd34412a5d1d2503b3de0a44a476bc30d06c060a224f08e478f758fba3	VOL00009\NATIVES\EFTA00064610.mp4
EFTA00108931.mp4	24523204	mp4	a57232bd34412a5d1d2503b3de0a44a476bc30d06c060a224f08e478f758fba3	VOL00009\NATIVES\EFTA00108931.mp4
EFTA00064609.mp4	24715647	mp4	8fe14b3f8bd392eb12de09872b0184e0d19457cc21c2db50b2f0d37be959395e	VOL00009\NATIVES\EFTA00064609.mp4
EFTA00108930.mp4	24715647	mp4	8fe14b3f8bd392eb12de09872b0184e0d19457cc21c2db50b2f0d37be959395e	VOL00009\NATIVES\EFTA00108930.mp4
EFTA00170249(1).vob	1073709056	vob	815e6778f08bb13206a014d4e13364918bc6cc9f9892b7f0cd65cdd0861e5a59	VOL00009\NATIVES\EFTA00170249(1).vob
EFTA00170249.vob	1073709056	vob	815e6778f08bb13206a014d4e13364918bc6cc9f9892b7f0cd65cdd0861e5a59	VOL00009\NATIVES\EFTA00170249.vob
